PRONOMEN;ORTE;HAUS;VERBEN;ADJEKTIVE;NAMEN;ZEIT;GEGENSTÄNDE;TODESURSACHEN
Ich;Hier;Keller;Gehen;Kalt;Adolf;Sekunde;Messer;Unfall
Du;Dort;Dachboden;Laufen;Heiß;Albert;Minute;Buch;Gift
Er;Oben;Flur;Verstecken;Dunkel;Andreas;Stunde;Schlüssel;Seuche
Sie;Unten;Zimmer;Suchen;Hell;Anna;Tag;Geld;Mord
Es;Links;Küche;Finden;Alt;August;Woche;Puppe;Alter
Wir;Rechts;Bad;Hören;Böse;Berta;Monat;Spielzeug;Sturz
Ihr;Vorne;Schlafzimmer;Sehen;Gut;Carl;Jahr;Uhr;Feuer
Sie;Hinten;Treppe;Fühlen;Einsam;Christian;Jahrzehnt;Brief;Wasser
Mein;Nah;Schrank;Sprechen;Verlassen;Dorothea;Jahrhundert;Foto;Hunger
Dein;Fern;Spiegel;Rufen;Traurig;Elisabeth;Frühling;Spiegel;Durst
Sein;Draußen;Fenster;Schreien;Wütend;Emil;Sommer;Kette;Krankheit
Ihr;Drinnen;Tür;Flüstern;Hungrig;Emma;Herbst;Ring;Fieber
Unser;Dazwischen;Wand;Warten;Krank;Friedrich;Winter;Schmuck;Pest
Jemand;Hinter;Boden;Töten;Tot;Georg;Montag;Kerze;Krieg
Niemand;Unter;Garten;Sterben;Lebendig;Gertrud;Dienstag;Bibel;Schuss
Alle;Neben;Wald;Helfen;Schwach;Hans;Mittwoch;Kreuz;Hieb
Einer;Gegenüber;Grab;Retten;Stark;Heinrich;Donnerstag;Glas;Stich
Jeder;Überall;Friedhof;Bluten;Still;Helene;Freitag;Flasche;Verrat
Wer;Nirgendwo;Kirche;Kratzen;Laut;Hermann;Samstag;Gift;Suizid
Was;Mitte;Kapelle;Klopfen;Grausam;Ida;Sonntag;Strick;Hinrichtung
Mann;Ecke;Turm;Öffnen;Verborgen;Jakob;Morgen;Hammer;Galgen
Frau;Weg;Ruine;Schließen;Rein;Johann;Mittag;Nagel;Beil
Kind;Zurück;Brunnen;Brennen;Unrein;Johanna;Abend;Schaufel;Zorn
Mädchen;Tief;Halle;Frieren;Blass;Joseph;Nacht;Laterne;Rache
Junge;Hoch;Kammer;Zittern;Schwer;Karl;Mitternacht;Tasche;Verzweiflung
Mutter;;Verlies;Atmen;Leicht;Katharina;Dämmerung;Kleid;Schock
Vater;;Scheune;Beobachten;Scharf;Ludwig;Gestern;Schuh;Krampf
Bruder;;Zaun;Folgen;Bitter;Margarethe;Heute;Hut;Lähmung
Schwester;;Tor;Verschwinden;Faulig;Maria;Morgen;Stock;Ersticken
Fremder;;Gasse;Erscheinen;Eisig;Martha;Bald;Kamm;Ertrinken
Gast;;Schwelle;Berühren;Düster;Otto;Sofort;Bürste;Verbrennen
Feind;;Fundament;Warnen;Verloren;Paul;Niemals;Tagebuch;Blutverlust
;;Kamin;Hassen;Ewig;Peter;Ewig;Briefmarke;Infektion
;;Balkon;Leiden;Heilig;Richard;Damals;Münze;Wahnsinn
;;Lager;Beten;Verflucht;Rosa;Früher;Kiste;Erschöpfung
;;Stall;Opfern;Besessen;Rudolf;Später;Koffer;
;;Schmiede;Graben;Sichtbar;Sophie;Jetzt;Truhe;
;;Altar;Schlagen;Unsichtbar;Thomas;Alt;Seil;
;;Sarg;Werfen;Grauenhaft;Ursula;Neu;Kette;
;;Gruft;Bewegen;Schrecklich;Walter;;Schloss;
;;Mausoleum;Ziehen;Wachsam;Wilhelm;;;
;;Krypta;Drücken;Stumm;;;;
;;Labor;Kommen;Blind;;;;
;;Klinik;Bleiben;Taub;;;;
;;Asyl;Fliehen;Nass;;;;
;;Spital;Schützen;Trocken;;;;
;;Schule;Wachen;Altmodisch;;;;
;;Gefängnis;Heilen;Modern;;;;
;;Brücke;Zerstören;Kaputt;;;;
;;Teich;Erinnern;Ganz;;;;
;;;;Sicher;;;;
;;;;Gefährlich;;;;
;;;;Düster;;;;
;;;;Modrig;;;;
;;;;Neblig;;;;
;;;;Blutig;;;;
;;;;Eiternd;;;;
;;;;Klebrig;;;;
;;;;Sanft;;;;
;;;;Wild;;;;
